{
  "Name": "FOAM",
  "Version": "1.0.2",
  "Factory Info": {
    "Vendor": "Extrasensory",
    "URL": "",
    "E-Mail": "",
    "Flags": {
      "Unicode": true,
      "Classes Discardable": false,
      "Component Non Discardable": false,
    },
  },
  "Classes": [
    {
      "CID": "ABCDEF019182FAEB50686E6D50686F6E",
      "Category": "Audio Module Class",
      "Name": "FOAM",
      "Vendor": "Extrasensory",
      "Version": "1.0.2",
      "SDKVersion": "VST 3.8.0",
      "Sub Categories": [
        "Instrument",
        "Sampler",
      ],
      "Class Flags": 2,
      "Cardinality": 2147483647,
      "Snapshots": [
      ],
    },
    {
      "CID": "ABCDEF011234ABCD50686E6D50686F6E",
      "Category": "Component Controller Class",
      "Name": "FOAM",
      "Vendor": "Extrasensory",
      "Version": "1.0.2",
      "SDKVersion": "VST 3.8.0",
      "Sub Categories": [
        "Instrument",
        "Sampler",
      ],
      "Class Flags": 2,
      "Cardinality": 2147483647,
      "Snapshots": [
      ],
    },
  ],
}
