{
  "Name": "VEX MIDI EXPRESSION",
  "Version": "1.0.19",
  "Factory Info": {
    "Vendor": "Extrasensory",
    "URL": "",
    "E-Mail": "",
    "Flags": {
      "Unicode": true,
      "Classes Discardable": false,
      "Component Non Discardable": false,
    },
  },
  "Classes": [
    {
      "CID": "ABCDEF019182FAEB4578747256784D45",
      "Category": "Audio Module Class",
      "Name": "VEX MIDI EXPRESSION",
      "Vendor": "Extrasensory",
      "Version": "1.0.19",
      "SDKVersion": "VST 3.7.11",
      "Sub Categories": [
        "Fx",
        "PLUGIN_MANUFACTURER_EMAIL",
        "contact@extrasensory.com",
        "PLUGIN_MANUFACTURER_WEBSITE",
        "https://extrasensory.com",
      ],
      "Class Flags": 0,
      "Cardinality": 2147483647,
      "Snapshots": [
      ],
    },
    {
      "CID": "ABCDEF011234ABCD4578747256784D45",
      "Category": "Component Controller Class",
      "Name": "VEX MIDI EXPRESSION",
      "Vendor": "Extrasensory",
      "Version": "1.0.19",
      "SDKVersion": "VST 3.7.11",
      "Sub Categories": [
        "Fx",
        "PLUGIN_MANUFACTURER_EMAIL",
        "contact@extrasensory.com",
        "PLUGIN_MANUFACTURER_WEBSITE",
        "https://extrasensory.com",
      ],
      "Class Flags": 0,
      "Cardinality": 2147483647,
      "Snapshots": [
      ],
    },
    {
      "CID": "ABCDEF01C0DEF00D4578747256784D45",
      "Category": "Plugin Compatibility Class",
      "Name": "VEX MIDI EXPRESSION",
      "Vendor": "Extrasensory",
      "Version": "1.0.19",
      "SDKVersion": "VST 3.7.11",
      "Class Flags": 0,
      "Cardinality": 2147483647,
      "Snapshots": [
      ],
    },
  ],
}